FirstName,LastName,Email,Phone,Address,City,Zip,CarBought
Marah,Moran,sapien.Cras@hendrerit.net,(194) 458-0790,236-8065 Magnis Rd.,Burcht,316272,Avalon Hybrid
Keiko,Winters,cubilia@semperegestasurna.co.uk,(820) 181-6838,6054 Dapibus Rd.,Kano,400905,","
Gwendolyn,Sims,Morbi.sit.amet@eteros.edu,(210) 677-9060,P.O. Box 755| 1590 Massa. Rd.,Wortel,535911,","
Roth,Jensen,pellentesque.Sed.dictum@lectus.co.uk,(922) 685-2269,1605 Ante. Rd.,Pontboset,4423,","
Penelope,Ashley,ligula.elit.pretium@fringillapurusmauris.org,(521) 540-9633,P.O. Box 464| 4508 Mi. Av.,Logro,997629,","
Marshall,Hanson,ligula.Nullam@sollicitudina.co.uk,(227) 829-3698,P.O. Box 851| 6737 Erat St.,Aurora,4548,","
Murphy,Hammond,volutpat@natoque.org,(252) 362-4982,Ap #767-7486 Ullamcorper. St.,Guadalupe,31317,","
Montana,Craft,dui.nec.tempus@neque.com,(455) 477-8423,P.O. Box 950| 9335 Est| St.,Newcastle,6818,","
Axel,Bray,nonummy.Fusce.fermentum@vehiculaPellentesque.co.uk,(579) 662-8103,P.O. Box 909| 310 Nec Street,Gulfport,64077,","
Oleg,Schneider,dapibus.gravida@erosnectellus.co.uk,(187) 399-9025,Ap #589-2387 Lectus. Street,Cusco,16694,","
Ignacia,Carey,Mauris.magna.Duis@vitaesemper.org,(360) 437-9575,300-4029 Nibh. Av.,Haren,67-109,Corolla
Quinlan,Vega,a@Integeridmagna.com,(305) 520-8992,Ap #205-2852 Sed Ave,Aosta,02-642,","
Bell,Pollard,Sed@duiFuscediam.co.uk,(949) 309-4027,Ap #377-6489 At| Av.,Fort Simpson,53628,","
Sarah,Michael,nec.tempus@luctussit.ca,(236) 454-3074,P.O. Box 407| 5848 Etiam Road,Mardan,N8C 9N8,","
Marsden,Bates,lacus.Quisque.purus@vitaeposuere.com,(778) 472-2582,6248 Vitae Av.,Apeldoorn,996723,","
Odysseus,Holmes,cursus@Nam.org,(306) 697-5110,577-9676 Enim| Street,Castelnovo del Friuli,NI6 2FR,Mirai
Kyle,Fischer,urna.Vivamus.molestie@Donecnibh.co.uk,(210) 679-5586,1367 Ullamcorper| Ave,Cherain,90834,","
Jaime,Lane,nunc.ullamcorper@mauriseuelit.org,(343) 810-0236,7048 Tempus| Av.,Biesme-sous-Thuin,5182,Mirai
Melvin,Leonard,id.ante@semPellentesque.org,(396) 912-3937,P.O. Box 514| 2536 Ut Avenue,Ceppaloni,253073,","
Illana,Wong,tellus.sem.mollis@sed.edu,(545) 378-6863,Ap #199-6528 Enim. Avenue,Neustadt,29230,","
Oscar,Bradford,Fusce.feugiat.Lorem@Aliquam.org,(185) 669-6638,8095 Mauris| Ave,Premeno,821673,","
Kirk,Weber,vel.turpis.Aliquam@felisNulla.edu,(876) 134-8331,Ap #957-4932 Egestas Rd.,Wandre,R7A 6H9,Corolla Hybrid
Zeus,Forbes,Vivamus.nisi@eu.edu,(443) 528-1855,P.O. Box 257| 4365 Facilisis Rd.,Merksplas,6639,Corolla Hatchback
Ivor,Davis,quis.pede@acliberonec.net,(218) 323-7582,Ap #548-7357 Pharetra| Av.,Tintigny,22-558,","
